country_name,1994,1995,1996,1997,1998,1999,2000,2001,2002,2003,2004,2005,2006,2007,2008,2009,2010,2011,2012,2013,2014,2015,2016
Afghanistan,43,36.56714462,47.5,47.5,47.5,46.61953108,47.35757473,47.50001452,47.263,48.76275358,47.8453125,49.4945975,49.92533083,49.96201777,50.24961474,50.325,46.452461,46.74700774,50.9214,55.3775,57.2475,61.14346154,67.86608577
Albania,94.62333333,92.6975,104.4989167,148.9329167,150.6333333,137.6905833,143.7094167,143.4848333,140.1545159,121.86325,102.7800512,99.87025448,98.10337709,90.42789383,83.8946041,94.97811982,103.9364434,100.8949547,108.1846446,105.6686734,105.4792341,125.9608304,124.1408715
Algeria,35.05850083,47.66272667,54.74893333,57.70735,58.73895833,66.573875,75.25979167,77.21502083,79.6819,77.394975,72.06065,73.27630833,72.64661667,69.2924,64.5828,72.64741667,74.38598333,72.93788333,77.53596667,79.3684,80.57901667,100.6914333,109.4430667
Angola,5.95E-05,0.00275023,0.128029167,0.229040083,0.392823518,2.790706167,10.04054417,22.05786167,43.53020667,74.60630083,83.5413625,87.15914167,80.36807206,76.70614275,75.03335417,79.32816667,91.90572034,93.93475,95.46795542,96.51827948,98.30241686,120.0607017,163.6564341
Antigua and Barbuda,2.7,2.7,2.7,2.7,2.7,2.7,2.7,2.7,2.7,2.7,2.7,2.7,2.7,2.7,2.7,2.7,2.7,2.7,2.7,2.7,2.7,2.7,2.7
Argentina,0.999008333,0.99975,0.9996625,0.9995,0.9995,0.9995,0.9995,0.9995,3.063256667,2.900629167,2.923300819,2.9036575,3.054313333,3.095648849,3.14416456,3.710106831,3.896295154,4.110139576,4.53693436,5.459352665,8.075275993,9.233185525,14.75817509
Armenia,288.6508333,405.9083333,414.0415,490.8467858,504.915,535.0618333,539.5258333,555.0782583,573.3533333,578.7629545,533.4508333,457.6869406,416.0403697,342.0791162,305.9694003,363.2832856,373.6604667,372.5008824,401.7639756,409.6257493,415.9197892,477.9183066,480.4881508
Aruba,1.79,1.79,1.79,1.79,1.79,1.79,1.79,1.79,1.79,1.79,1.79,1.79,1.79,1.79,1.79,1.79,1.79,1.79,1.79,1.79,1.79,1.79,1.79
Australia,1.367750833,1.3490325,1.277863333,1.34738,1.591828333,1.54995,1.724826667,1.9334425,1.8405625,1.541914167,1.3597525,1.309473333,1.327973441,1.1950725,1.192178333,1.28218881,1.090159486,0.969463201,0.965801031,1.035843097,1.109363293,1.331090262,1.345213976
Austria,11.42182492,10.08149583,10.5865575,12.20424417,12.379065,..,..,..,..,..,..,..,..,..,..,..,..,..,..,..,..,..,..
Azerbaijan,0.314045,0.8827085,0.860252833,0.797075,0.773799687,0.824033333,0.89483075,0.931316667,0.972164167,0.982146,0.9826955,0.945421,0.893445,0.858123808,0.821619579,0.803783333,0.80265,0.789686389,0.785645349,0.784541075,0.7843475,1.024563819,1.595721573
"Bahamas, The",1,1,1,1,1,1,1,1,1,1,1,1,1,1,1,1,1,1,1,1,1,1,1
Bahrain,0.375999965,0.375999971,0.375999968,0.375999965,0.375999963,0.375999979,0.376,0.376,0.376,0.376,0.376,0.376,0.376,0.376,0.376,0.376,0.376,0.376,0.376,0.376,0.376,0.376,0.376
Bangladesh,40.21173917,40.27831833,41.79416833,43.89211583,46.90565167,49.0854,52.14166667,55.80666667,57.888,58.15004,59.51265833,64.327475,68.93323333,68.874875,68.598275,69.03906667,69.64929167,74.1524,81.86265833,78.103235,77.64140833,77.94690833,78.46809167
Barbados,2,2,2,2,2,2,2,2,2,2,2,2,2,2,2,2,2,2,2,2,2,2,2
Belarus,..,11.52096667,13.22987667,26.02054958,46.12762,249.2953292,876.75,1390,1790.916667,2051.270833,2160.2575,2153.82,2144.564167,2146.078333,2136.3975,2793.049218,2978.51,4974.633333,8336.898333,8880.0525,10224.1025,15925.98833,11793.85526
Belgium,33.4564975,29.48001667,30.96151333,35.77389083,36.29864083,..,..,..,..,..,..,..,..,..,..,..,..,..,..,..,..,..,..
Belize,2,2,2,2,2,2,2,2,2,2,2,2,2,2,2,2,2,2,2,2,2,2,2
Benin,555.2046957,499.1484259,511.5524303,583.6693724,589.9517746,615.699132,711.9762744,733.0385071,696.9882036,581.2003139,528.2848093,527.4681428,522.8901096,479.2667826,447.8052556,472.1862908,495.2770216,471.8661141,510.5271359,494.0400374,494.4149529,591.4495075,593.0081704
Bhutan,31.3737425,32.42707667,35.43317333,36.31328583,41.259365,43.05542833,44.941605,47.18641417,48.61031917,46.58328417,45.31646667,44.099975,45.30700833,41.34853333,43.50518333,48.40526667,45.72581212,46.67046667,53.43723333,58.59784542,61.02951446,64.15194446,67.19531281
Bolivia,4.620516667,4.800341667,5.0746125,5.254258333,5.510133333,5.812408333,6.183541667,6.606916667,7.17,7.659166667,7.936266667,8.0660625,8.011616667,7.851245161,7.238320699,7.02,7.016666667,6.9369625,6.91,6.91,6.91,6.91,6.91
Bosnia and Herzegovina,..,..,..,1.734055833,1.759667583,1.835795385,2.122859512,2.185659583,2.078170426,1.732932204,1.575157028,1.57272202,1.559071956,1.429002742,1.33519568,1.407891238,1.476739568,1.406936586,1.522209974,1.473051323,1.474169187,1.763491647,1.768139024
Botswana,2.6846455,2.772206667,3.324196667,3.650763333,4.22588,4.62439525,5.102244182,5.84143526,6.327784902,4.949663876,4.693831972,5.116756433,5.830312776,6.139392377,6.826856923,7.155137626,6.793607994,6.838232134,6.838232134,8.398925514,8.976086739,10.12900239,10.90115454
Brazil,0.664683514,0.917666667,1.0051,1.077991667,1.160516667,1.813932847,1.829423122,2.349631709,2.920363018,3.077475118,2.92511945,2.434390036,2.175326667,1.947058333,1.833766667,1.999428173,1.759226711,1.672828755,1.953068611,2.156089151,2.352951963,3.326904383,3.490501988
Brunei Darussalam,1.527444167,1.417375,1.410040833,1.484805833,1.673601667,1.694956667,1.723963333,1.7917225,1.790588333,1.742183333,1.690228333,1.6643975,1.588933333,1.507101667,1.417166667,1.454569273,1.363509474,1.25791302,1.249567016,1.25116567,1.267040123,1.374910845,1.381346877
Bulgaria,0.054133667,0.067170833,0.177888667,1.681879167,1.760358333,1.836383333,2.123275,2.184708333,2.076975,1.732701667,1.575108917,1.574133333,1.559266667,1.42905,1.337116667,1.406691667,1.477391667,1.406458333,1.52205,1.473566667,1.474183333,1.7644,1.768041667
Burkina Faso,555.2046957,499.1484259,511.5524303,583.6693724,589.9517746,615.699132,711.9762744,733.0385071,696.9882036,581.2003139,528.2848093,527.4681428,522.8901096,479.2667826,447.8052556,472.1862908,495.2770216,471.8661141,510.5271359,494.0400374,494.4149529,591.4495075,593.0081704
Burundi,252.6625,249.7575,302.7466667,352.3508333,447.7658333,563.5625,720.6733333,830.3533333,930.7491667,1082.62,1100.9,1081.577167,1028.683553,1081.869683,1185.690833,1230.179167,1230.748333,1261.073333,1442.505625,1555.090833,1546.686667,1571.898333,1654.626667
Cabo Verde,81.89083333,76.85333333,82.59146667,93.17666667,98.1575,103.5024297,119.6871499,123.2278277,117.1675723,97.70298756,88.80759855,88.6703124,87.90071969,80.56739713,75.27854041,79.37712728,83.25880686,79.32330382,85.82243543,83.05086298,83.11388834,99.4259337,99.68795356
Cambodia,2545.25,2450.833333,2624.083333,2946.25,3744.416667,3807.833333,3840.75,3916.333333,3912.083333,3973.333333,4016.25,4092.5,4103.25,4056.166667,4054.166667,4139.333333,4184.916667,4058.5,4033,4027.25,4037.5,4067.75,4058.694579
Cameroon,555.2046957,499.1484259,511.5524303,583.6693724,589.9517746,615.699132,711.9762744,733.0385071,696.9882036,581.2003139,528.2848093,527.4681428,522.8901096,479.2667826,447.8052556,472.1862908,495.2770216,471.8661141,510.5271359,494.0400374,494.4149529,591.4495075,593.0081704
Canada,1.365638333,1.372440833,1.363468333,1.384616667,1.483463083,1.485731667,1.48511,1.548760833,1.569318333,1.401051667,1.301019167,1.211763333,1.134363333,1.074099167,1.06704,1.143100557,1.030162783,0.989530692,0.99918831,1.02979657,1.106104944,1.279097896,1.325399636
Central African Republic,555.2046957,499.1484259,511.5524303,583.6693724,589.9517746,615.699132,711.9762744,733.0385071,696.9882036,581.2003139,528.2848093,527.4681428,522.8901096,479.2667826,447.8052556,472.1862908,495.2770216,471.8661141,510.5271359,494.0400374,494.4149529,591.4495075,593.0081704
Chad,555.2046957,499.1484259,511.5524303,583.6693724,589.9517746,615.699132,711.9762744,733.0385071,696.9882036,581.2003139,528.2848093,527.4681428,522.8901096,479.2667826,447.8052556,472.1862908,495.2770216,471.8661141,510.5271359,494.0400374,494.4149529,591.4495075,593.0081704
Chile,420.1766667,396.7733333,412.2666667,419.295,460.2875,508.7766667,539.5875,634.9383333,688.9366667,691.3975,609.5291667,559.7675,530.275,522.4641667,522.4610358,560.8598948,510.2491667,483.6675,486.4713034,495.2728776,570.3482161,654.1240843,676.957736
China,8.618742667,8.351416667,8.314175,8.289816667,8.278958333,8.27825,8.278504167,8.277068333,8.2769575,8.277036667,8.276800833,8.194316667,7.973438333,7.6075325,6.948655,6.831416052,6.770269029,6.461461327,6.312332827,6.195758346,6.143434094,6.227488673,6.644477829
Colombia,844.83589,912.826415,1036.686417,1140.962942,1426.037458,1756.230848,2087.903842,2299.633156,2504.241331,2877.652458,2628.612903,2320.834177,2361.139408,2078.291837,1967.711309,2158.255903,1898.569636,1848.13947,1796.895912,1868.785327,2001.781048,2741.880855,3054.121673
Comoros,416.398821,374.3570933,383.6599915,437.7470875,442.4588359,461.7745836,533.9824772,549.7791597,522.7414183,435.9004569,396.2138083,395.6013082,392.1677815,359.4502696,335.8541123,354.139898,371.4579549,353.8997654,382.8955465,370.5302164,370.8114031,443.587356,444.7563538
"Congo, Dem. Rep.",0.011941192,0.070244717,0.501849175,1.3134476,1.607232436,4.020686844,21.83111218,206.7385145,346.6879339,405.3974517,399.4757917,473.9080083,468.278825,516.7498917,559.2925083,809.7858333,905.9134583,919.4913,919.7550167,919.5659074,925.2262825,925.9849613,1010.302757
"Congo, Rep.",555.2046957,499.1484259,511.5524303,583.6693724,589.9517746,615.699132,711.9762744,733.0385071,696.9882036,581.2003139,528.2848093,527.4681428,522.8901096,479.2667826,447.8052556,472.1862908,495.2770216,471.8661141,510.5271359,494.0400374,494.4149529,591.4495075,593.0081704
Costa Rica,157.0666667,179.7291667,207.6891667,232.5975,257.2291667,285.6846948,308.1866667,328.8708333,359.8175269,398.6622222,437.935,477.7867415,511.3018179,516.6173902,526.2355134,573.2879567,525.8292007,505.6642399,502.901462,499.7668326,538.3172003,534.56577,544.7393672
Cote d'Ivoire,555.2046957,499.1484259,511.5524303,583.6693724,589.9517746,615.699132,711.9762744,733.0385071,696.9882036,581.2003139,528.2848093,527.4681428,522.8901096,479.2667826,447.8052556,472.1862908,495.2770216,471.8661141,510.5271359,494.0400374,494.4149529,591.4495075,593.0081704
Croatia,5.998011417,5.230756083,5.434161167,6.160582583,6.363285667,7.111742833,8.277666417,8.341541,7.8716825,6.704968833,6.034340667,5.949236917,5.83779325,5.364535667,4.93503975,5.283946417,5.498010583,5.34386975,5.850291833,5.704880167,5.748165417,6.85830375,6.805990167
Cyprus,0.492191,0.452420167,0.46631125,0.513897333,0.517825583,0.54294775,0.622409117,0.643107026,0.61065999,0.517443262,0.468600552,0.464070507,0.458915947,0.426125,..,..,..,..,..,..,..,..,..
Czech Republic,28.78508333,26.54066667,27.14491667,31.69841667,32.28116667,34.56925,38.59841667,38.03532833,32.73851833,28.209,25.69975,23.95741667,22.59558333,20.29366667,17.07166667,19.063,19.09825,17.69591667,19.5775,19.57058333,20.7575,24.59875,24.43991667
Denmark,6.360551667,5.602366667,5.798671667,6.604459167,6.700826667,6.97624,8.083144167,8.3228175,7.894714167,6.587673333,5.991056667,5.99691,5.946778333,5.443700833,5.098130833,5.360866667,5.624075,5.368711535,5.792475537,5.616311686,5.612466667,6.727906831,6.731718257
Djibouti,177.721,177.721,177.721,177.721,177.721,177.721,177.721,177.721,177.721,177.721,177.721,177.721,177.721,177.721,177.721,177.721,177.721,177.721,177.721,177.721,177.7208333,177.72,177.72
Dominica,2.7,2.7,2.7,2.7,2.7,2.7,2.7,2.7,2.7,2.7,2.7,2.7,2.7,2.7,2.7,2.7,2.7,2.7,2.7,2.7,2.7,2.7,2.7
Dominican Republic,13.16014167,13.59735,13.77458333,14.265475,15.26659167,16.03308333,16.41501667,16.95161667,18.609825,30.83070833,42.09883017,30.51063789,33.25369246,33.31186194,34.86610163,36.11405222,37.30657899,38.23155875,39.33565636,41.80814392,43.5559627,45.05169769,46.07797961
"Egypt, Arab Rep.",3.385133333,3.392208333,3.391483333,3.38875,3.388,3.39525,3.47205,3.973,4.499666667,5.850875,6.196241667,5.778833333,5.733166667,5.635433333,5.4325,5.544553309,5.621942918,5.932827652,6.056058333,6.870325,7.077608561,7.691258333,10.02540079
El Salvador,8.72875,8.754583333,8.755,8.75625,8.755,8.755,8.755,8.75,8.75,8.75,8.75,8.75,8.75,8.75,8.75,8.75,8.75,8.75,8.75,8.75,8.75,8.75,8.75
Equatorial Guinea,555.2046957,499.1484259,511.5524303,583.6693724,589.9517746,615.699132,711.9762744,733.0385071,696.9882036,581.2003139,528.2848093,527.4681428,522.8901096,479.2667826,447.8052556,472.1862908,495.2770216,471.8661141,510.5271359,494.0400374,494.4149529,591.4495075,593.0081704
Eritrea,5.470188997,6.164180648,6.357705892,6.837275,7.361930417,8.152633333,9.625,11.30945208,13.95819417,13.87789058,13.7875,15.36791667,15.375,15.375,15.375,15.375,15.375,15.375,15.375,15.375,15.375,..,..
Estonia,12.99125,11.46475,12.038,13.88175,14.07466667,14.67758333,16.96863667,17.47807153,16.61179167,13.8564114,12.59556359,12.58378659,12.46548376,11.433853,10.69444309,11.25743089,11.80684823,..,..,..,..,..,..
Ethiopia,5.465,6.158333333,6.351675,6.709341667,7.115908333,7.94225,8.217258333,8.457491667,8.56775,8.599683333,8.635583333,8.666441667,8.698615833,8.96595,9.599741667,11.77759967,14.40958981,16.89922576,17.70476138,..,..,..,..
Fiji,1.464125,1.406333333,1.4033,1.443675,1.986816667,1.969625,2.128625,2.276633333,2.186691667,1.8956,1.73295,1.690966667,1.731183333,1.610283333,1.593708333,1.955708333,1.918308333,1.793194258,1.789893922,1.841387986,1.887349723,2.097623233,2.094683036
French Polynesia,100.9461718,90.75413652,93.00940699,106.1215605,107.2638139,112.0079885,129.5227266,133.3543681,126.7960967,105.7319634,96.10557457,95.9570066,95.12417078,87.18821496,81.46473384,85.90013186,90.1007977,85.84188532,92.87509856,89.87576554,89.94397015,107.5964967,107.8800487
Gabon,555.2046957,499.1484259,511.5524303,583.6693724,589.9517746,615.699132,711.9762744,733.0385071,696.9882036,581.2003139,528.2848093,527.4681428,522.8901096,479.2667826,447.8052556,472.1862908,495.2770216,471.8661141,510.5271359,494.0400374,494.4149529,591.4495075,593.0081704
"Gambia, The",9.58177096,9.544264819,9.79717347,10.20016667,10.6431,11.39509167,12.7876251,15.68715833,19.917825,28.53050833,30.03008333,28.57543333,28.065725,24.87343333,22.19235,26.6443612,28.01195366,29.46152006,32.07713389,35.95758683,41.73296165,..,..
Georgia,..,..,1.2628,1.2975,1.389816667,2.024516667,1.976166667,2.073016667,2.195675,2.14565,1.91665,1.812675,1.780433333,1.670491667,1.490791667,1.670487097,1.782341667,1.68649543,1.651258333,1.66335,1.765666667,2.269341667,2.366725
Ghana,0.095568239,0.119913873,0.163547168,0.204796278,0.231165901,0.266642972,0.544919176,0.716305158,0.792417084,0.866764327,0.899494854,0.90627897,0.916451773,0.935247846,1.057858333,1.4088,1.431025,1.51185,1.795816667,1.95405,..,..,..
Grenada,2.7,2.7,2.7,2.7,2.7,2.7,2.7,2.7,2.7,2.7,2.7,2.7,2.7,2.7,2.7,2.7,2.7,2.7,2.7,2.7,2.7,2.7,2.7
Guatemala,5.751200833,5.8103425,6.0495125,6.065269167,6.394653333,7.38561,7.763159167,7.8585925,7.821645,7.940846667,7.946495833,7.633944167,7.602630833,7.673304167,7.560028333,8.161555417,8.057770833,7.785418333,7.833605417,7.85681375,7.732233333,7.654815,7.599937083
Guinea,976.6364167,991.4115,1004.016583,1095.3255,1236.83175,1387.401333,1746.869917,1950.558333,1975.84375,1984.93125,2243.93125,3644.333333,5148.75,4197.752004,4601.691004,4801.083238,5726.071021,6658.031258,6985.829026,6907.87807,7014.118777,7485.516742,..
Guinea-Bissau,198.340641,278.0391026,405.745,583.6693724,589.9517746,615.699132,711.9762744,733.0385071,696.9882036,581.2003139,528.2848093,527.4681428,522.8901096,479.2667826,447.8052556,472.1862908,495.2770216,471.8661141,510.5271359,494.0400374,494.4149529,591.4495075,593.0081704
Guyana,138.2902408,141.9891667,140.375,142.4008333,150.5191667,177.995,182.43,187.3208333,190.665,193.8783333,198.3075,199.875,200.1883333,202.3466667,203.6333333,203.95,203.6358333,204.0175,204.3583333,205.3941667,206.4491667,206.5,206.5
Haiti,15.04,15.10973333,15.70115,16.6545,16.76566667,16.93789167,21.17066667,24.42908333,29.25048333,42.36675833,38.35203333,40.44855,40.40851667,36.86141667,39.10759167,41.19760833,39.7974,40.52282194,41.94972295,43.46278333,45.21598089,50.70642667,63.33581837
Honduras,8.4087575,9.470986667,11.7053025,13.00347417,13.385015,14.21316833,14.840625,15.476825,16.43705833,17.35249167,18.209725,18.83234167,18.89520833,18.8951,18.90375833,18.8951,18.8951,18.91714167,19.50224951,20.35377917,20.98715833,21.945175,22.835025
"Hong Kong SAR, China",7.728416667,7.735833333,7.734254167,7.742083333,7.745333333,7.7575,7.791166667,7.79875,7.798916667,7.78675,7.788,7.777333333,7.767833333,7.801416667,7.786833333,7.75175,7.769166667,7.784,7.756416667,7.756,7.754083333,7.75175,7.76225
Hungary,105.1604583,125.681425,152.6466667,186.7891667,214.4016667,237.1458333,282.1791667,286.49,257.8866667,224.3066667,202.7458333,199.5825,210.39,183.6258333,172.1133333,202.3416667,207.9441667,201.055,225.1041667,223.695,232.6016667,279.3325,281.5233333
Iceland,69.94437833,64.69166667,66.5,70.90429083,70.95833333,72.33529333,78.61594667,97.42460333,91.66166667,76.7089825,70.19166667,62.98166667,70.18,64.055,87.94791667,123.6383814,122.2418112,115.9540398,125.082787,122.1791213,116.7673525,131.9187084,120.8115481
India,31.3737425,32.42707667,35.43317333,36.31328583,41.259365,43.05542833,44.941605,47.18641417,48.61031917,46.58328417,45.31646667,44.099975,45.30700833,41.34853333,43.50518333,48.40526667,45.72581212,46.67046667,53.43723333,58.59784542,61.02951446,64.15194446,67.19531281
Indonesia,2160.753675,2248.607975,2342.296292,2909.38,10013.6225,7855.15,8421.775,10260.85,9311.191667,8577.133333,8938.85,9704.741667,9159.316667,9141,9698.9625,10389.9375,9090.433333,8770.433333,9386.629167,10461.24,11865.2113,13389.41294,13308.3268
"Iran, Islamic Rep.",1749.185811,1748.362314,1751.198444,1753.357581,1752.29809,1753.367053,1764.868252,1753.997792,6907.036473,8193.887519,8613.989421,8963.958907,9170.942878,9281.151828,9428.528261,9864.302456,10254.17647,10616.30664,12175.54722,18414.44801,25941.66414,29011.49138,30914.85244
Iraq,0.310857313,0.310857313,0.310857313,0.310857313,0.310857313,0.310857313,0.310857313,0.310857313,0.310857394,2133.777778,1453.416667,1472,1467.416667,1254.567219,1193.083333,1170,1170,1170,1166.166667,1166,1166,1167.333333,1182
Israel,3.011055208,3.011291667,3.19165,3.44935,3.800075,4.139716667,4.077333333,4.20565,4.737825,4.554133333,4.481983333,4.4877,4.455808333,4.108082949,3.588021194,3.932335478,3.738975,3.578129306,3.855921825,3.610758333,3.577925,3.886833333,3.840566667
Italy,1612.444983,1628.933158,1542.946967,1703.096908,1736.207383,..,..,..,..,..,..,..,..,..,..,..,..,..,..,..,..,..,..
Jamaica,33.08593333,35.14211667,37.11955833,35.40446667,36.55,39.04351667,42.9857,45.99625,48.41594167,57.74087375,61.1972,62.28071494,65.74385754,69.19216185,72.75620341,87.89411981,87.19613681,85.89245833,88.75093736,100.2410556,110.9345292,116.8975902,125.0950347
Japan,102.2078058,94.05957917,108.7790567,120.9908625,130.9053007,113.906805,107.7654983,121.5289475,125.3880192,115.9334642,108.1925692,110.2182117,116.2993117,117.7535292,103.359494,93.57008909,87.779875,79.80701983,79.79045542,97.59565828,105.944781,121.0440257,108.7929
Jordan,0.698764167,0.7003775,0.709,0.709,0.709,0.709,0.709,0.708983174,0.708999833,0.709,0.709,0.709,0.709,0.708999767,0.70966655,0.71,0.71,0.71,0.71,0.71,0.71,0.71,0.71
Kazakhstan,35.53833333,60.95,67.30333333,75.4375,78.30333333,119.5233333,142.1333333,146.7358333,153.2791667,149.5758333,136.035,132.88,126.0894306,122.5541667,120.2991667,147.4966667,147.355,146.6208333,149.1125,152.1291667,179.1916667,221.7283333,342.16
Kenya,56.050575,51.42983333,57.11486667,58.73184167,60.3667,70.32621667,76.17554167,78.563195,78.74914167,75.93556944,79.17387606,75.55410945,72.10083502,67.31763812,69.17531982,77.3520123,79.2331517,88.81076997,84.52960176,86.1228789,87.92216381,98.17845333,..
Kiribati,1.367750833,1.3490325,1.277863333,1.34738,1.591828333,1.54995,1.724826667,1.9334425,1.8405625,1.541914167,1.3597525,1.309473333,1.327973441,1.1950725,1.192178333,1.28218881,1.090159486,0.969463201,0.965801031,1.035843097,1.109363293,1.331090262,1.345213976
"Korea, Rep.",803.4458333,771.2733333,804.4533333,951.2891667,1401.436667,1188.816667,1130.9575,1290.994583,1251.088333,1191.614167,1145.319167,1024.116667,954.7905158,929.2572617,1102.046667,1276.93,1156.060988,1108.292125,1126.470826,1094.852917,1052.960833,1131.1575,1160.266372
Kuwait,0.296870315,0.298447721,0.299408563,0.303348835,0.30475564,0.304414667,0.306751583,0.306681667,0.303914252,0.298011521,0.2947,0.292,0.290176225,0.284213958,0.268828367,0.287785417,0.286606592,0.275978944,0.279935558,0.283589442,0.284567142,0.300852025,0.302170058
Kyrgyz Republic,10.84168333,10.82188333,12.80955833,17.36249167,20.83756667,39.00773333,47.70383333,48.37795833,46.93706667,43.648375,42.64994167,41.01182051,40.15289995,37.31625681,36.57459167,42.90410833,45.9642614,46.14390132,47.00447914,48.43805901,53.65405831,64.46210827,69.91406583
Lao PDR,717.6666475,804.69,921.0216667,1259.979167,3298.333333,7102.025,7887.643333,8954.583333,10056.33333,10569.0375,10585.375,10655.16667,10159.93917,9603.160306,8744.224088,8516.052615,8258.770086,8030.055,8007.7575,7860.1375,8048.960333,8147.905833,8129.057288
Latvia,0.55975,0.527583333,0.55075,0.580916667,0.589833333,0.585166667,0.6065,0.627916667,0.618191667,0.571475,0.540233333,0.564716667,0.560408333,0.513791667,0.480816667,0.50555,0.530475,0.501233333,0.546875,0.529391667,..,..,..
Lebanon,1680.073333,1621.413333,1571.444167,1539.45,1516.131667,1507.844167,1507.5,1507.5,1507.5,1507.5,1507.5,1507.5,1507.5,1507.5,1507.5,1507.5,1507.5,1507.5,1507.5,1507.5,1507.5,1507.5,1507.5
Lesotho,3.550798333,3.627085,4.299349167,4.607961667,5.528284167,6.109484167,6.939828333,8.609180833,10.54074667,7.564749167,6.4596925,6.359328333,6.771549167,7.045365,8.261223333,8.473674158,7.321221961,7.261132132,8.209968627,9.655056069,10.85265557,12.75893088,14.70961089
Liberia,46.43872809,49.83833333,5.477500254,50.57,41.5075,41.9025,40.9025,48.59190899,61.75416667,59.37883333,54.90583333,57.09583333,58.01333333,61.27222222,63.2075,68.28666667,71.40333333,72.22666667,73.51477208,77.52,83.8925,86.18836657,..
Libya,0.34836821,0.418144934,0.436799769,0.460866115,0.467574437,0.463810769,0.512189613,0.605064254,1.270679174,1.292944128,1.304966144,1.308384824,1.313571625,1.262644868,1.223562393,1.253534489,1.26678941,1.224152495,1.261659638,1.271691821,1.272402067,1.38120986,1.390368679
Lithuania,3.97775,4,4,4,4,4,4,4,3.676958333,3.060866667,2.780591667,2.774025,2.752225,2.523725,2.357075,2.484033333,2.606333333,2.4811,2.686291667,2.601008333,2.600291667,..,..
"Macao SAR, China",7.960283333,7.967758333,7.9664,7.975291667,7.978766667,7.99185,8.0259,8.0335,8.033433333,8.021241167,8.022171083,8.011064583,8.001426167,8.035853917,8.020109917,7.984283333,8.002216667,8.018208333,7.9898635,7.989255333,7.987129,7.984960417,7.99506425
"Macedonia, FYR",43.26318333,37.88175833,39.981075,50.00355,54.46173333,56.90182833,65.90386667,68.03713333,64.34979167,54.32225833,49.40993333,49.28368333,48.80176667,44.72981667,41.86768333,44.100575,46.48539167,44.230825,47.89025,46.39534167,46.43713083,55.537075,55.731725
Madagascar,613.4671667,853.1263333,812.2503333,1018.177167,1088.279667,1256.755,1353.496167,1317.698833,1366.391167,1238.327667,1868.857833,2003.025833,2142.301667,1873.876667,1708.370833,1956.205833,2089.95,2025.1175,2194.966667,2206.914167,2414.811667,2933.508333,3176.539167
Malawi,8.736405,15.28374167,15.30846667,16.444175,31.07268333,44.08814167,59.54380833,72.19733333,76.68660833,97.432475,108.8975083,118.4197417,136.0135417,139.9572866,140.5226921,141.1669438,150.4866559,156.5154511,249.1059501,364.4072873,424.8958081,496.3713331,713.8464156
Malaysia,2.624256667,2.504404167,2.5159425,2.813191667,3.924375,3.8,3.8,3.8,3.8,3.8,3.8,3.787091667,3.668176958,3.437569382,3.335833333,3.524502911,3.221086915,3.060003011,3.088800867,3.15090855,3.272859746,3.905500263,4.148308333
Maldives,11.58575,11.77,11.77,11.77,11.77,11.77,11.77,12.24208333,12.8,12.8,12.8,12.8,12.8,12.8,12.8,12.8,12.8,14.6020084,15.36483532,15.36671003,15.38039352,15.36633122,15.36840768
Mali,555.2046957,499.1484259,511.5524303,583.6693724,589.9517746,615.699132,711.9762744,733.0385071,696.9882036,581.2003139,528.2848093,527.4681428,522.8901096,479.2667826,447.8052556,472.1862908,495.2770216,471.8661141,510.5271359,494.0400374,494.4149529,591.4495075,593.0081704
Malta,0.377921083,0.35305875,0.360455868,0.385966125,0.388459511,0.398898395,0.438149992,0.450041567,0.433620338,0.377233333,0.34466318,0.345777392,0.340893886,0.311675,..,..,..,..,..,..,..,..,..
Mauritania,123.575,129.7683333,137.2216667,151.8533333,188.4758333,209.5141667,238.9233333,255.6291667,271.7391667,263.03,..,265.5283333,268.6,258.5866667,238.2033333,262.3658333,275.8941667,281.1183333,296.62,300.6816667,302.725,324.6716667,..
Mauritius,17.96036667,17.38631667,17.94806667,21.05725833,23.99265,25.18580833,26.24955833,29.12925833,29.962,27.901475,27.49851667,29.49623333,31.70806667,31.31365625,28.4528375,31.9598,30.7844,28.70595,30.04997167,30.70135833,30.62161667,35.0567,35.54188333
Mexico,3.375116667,6.419425,7.599448417,7.91846,9.13604175,9.5603975,9.455558333,9.342341667,9.655958333,10.78901917,11.28596667,10.89789167,10.89924167,10.92819167,11.12971667,13.513475,12.63600833,12.423325,13.16945833,12.77199167,13.29245,15.84826667,18.66405833
Moldova,..,4.4958,4.604483333,4.623583333,5.3707,10.51580833,12.43421667,12.86514167,13.5704975,13.94488333,12.32971667,12.599625,13.13105833,12.13994497,10.39204368,11.10957543,12.36926096,11.73861249,12.11143682,12.58675623,14.03563005,18.81847515,19.92382756
Mongolia,412.7214167,448.6126333,548.4033333,789.9925,840.8283333,1021.8675,1076.666667,1097.6975,1110.31,1146.5425,1185.2975,1205.246667,1179.699167,1170.400833,1165.804167,1437.795,1357.064167,1265.515833,1357.58,1523.9275,1817.938708,1970.309167,2140.290864
Montenegro,..,..,..,..,..,0.938627276,1.085400833,1.11751,1.062551667,0.886034167,0.805365,0.80412,0.797140833,0.7306375,0.682674711,0.71984336,0.755044952,0.719355254,0.778293601,0.753159182,0.753730737,0.901658962,0.904035128
Morocco,9.202715,8.540235833,8.715875833,9.527106667,9.604415833,9.804419167,10.62563617,11.302975,11.02058333,9.574383333,8.868016667,8.865008333,8.795583333,8.192333333,7.750325,8.0571,8.417158333,8.089875,8.628444583,8.405503917,8.406336688,9.76434828,9.807476096
Mozambique,6.038588333,9.024333333,11.29375,11.54358333,11.87458333,12.77511167,15.22725,20.70364083,23.67795667,23.7822675,22.5813425,23.060965,25.40077917,25.84034145,24.30064247,27.51829996,33.9600988,29.06759993,28.37298448,30.10411109,31.3526877,39.98247415,63.05623273
Myanmar,5.9749125,5.667041667,5.917566667,6.241833333,6.343158333,6.285791667,6.516725,6.748908333,6.642083333,6.138925,5.805833333,5.818166667,5.842941667,5.616883333,5.44145,5.576366667,5.634883333,5.444108333,640.6534167,933.5704564,984.3457476,1162.615329,1234.869517
Namibia,3.550798333,3.627085,4.299349167,4.607961667,5.528284167,6.109484167,6.939828333,8.609180833,10.54074667,7.564749167,6.4596925,6.359328333,6.771549167,7.045365,8.261223333,8.473674158,7.321221961,7.261132132,8.209968627,9.655056069,10.85265557,12.75893088,14.70961089
Nepal,49.39751833,51.89033333,56.6919525,58.00954917,65.9757875,68.23937083,71.09379583,74.94925,77.87661917,76.1414475,73.67359667,71.3675,72.75560583,66.4150275,69.761695,77.57343074,73.26235902,74.02,85.19666667,92.99333333,97.55416667,102.4051343,107.4603632
Netherlands,1.819995083,1.60567525,1.68589675,1.951269917,1.983733,..,..,..,..,..,..,..,..,..,..,..,..,..,..,..,..,..,..
New Zealand,1.686521667,1.523876667,1.4548475,1.512420833,1.868249167,1.889613899,2.201149167,2.378750833,2.162190833,1.722099146,1.508681271,1.420273457,1.542055757,1.360675229,1.42272681,1.600877295,1.387833828,1.265810697,1.234283655,1.219407974,1.205433333,1.433975,1.436525
Nicaragua,6.722875,7.545591667,8.4355,9.448083333,10.58191667,11.80925,12.68439167,13.37194167,14.25132525,15.10464333,15.93724732,16.73332953,17.56999843,18.44850616,19.37189641,20.33948187,21.35644868,22.42427062,23.54666353,24.72276417,25.95890037,27.25684494,28.62096241
Niger,555.2046957,499.1484259,511.5524303,583.6693724,589.9517746,615.699132,711.9762744,733.0385071,696.9882036,581.2003139,528.2848093,527.4681428,522.8901096,479.2667826,447.8052556,472.1862908,495.2770216,471.8661141,510.5271359,494.0400374,494.4149529,591.4495075,593.0081704
Nigeria,21.996,21.89525833,21.884425,21.88605,21.886,92.3381,101.6973333,111.23125,120.5781583,129.22235,132.888025,131.2743333,128.6516667,125.8081083,118.5460167,148.9017417,150.298025,153.8616083,157.4994258,157.311225,158.5526417,192.4405244,253.4922519
Norway,7.057584167,6.335156667,6.449808333,7.073400833,7.5450975,7.799171667,8.801841667,8.991654167,7.983778833,7.080216667,6.740833333,6.4425,6.413333333,5.861666667,5.64,6.288333333,6.044166667,5.604607307,5.8175,5.875,6.301666667,8.064166667,8.4
Oman,0.384499995,0.384499993,0.384499995,0.384499995,0.384499998,0.384499998,0.3845,0.3845,0.3845,0.3845,0.3845,0.3845,0.3845,0.3845,0.3845,0.3845,0.3845,0.3845,0.3845,0.3845,0.3845,0.3845,0.3845
Pakistan,30.56659167,31.64268333,36.07868333,41.111525,45.04666667,49.50069158,53.6481865,61.92716167,59.72378167,57.75199667,58.25786333,59.514475,60.271335,60.73851583,70.40803333,81.71289167,85.19381633,86.34338333,93.39519722,101.6288992,101.1000884,102.7692716,104.769117
Panama,1,1,1,1,1,1,1,1,1,1,1,1,1,1,1,1,1,1,1,1,1,1,1
Papua New Guinea,1.01134,1.279841667,1.319075,1.437971667,2.073591667,2.5707725,2.782156667,3.388715065,3.895220802,3.563452875,3.222540104,3.1019498,3.056734787,2.965345833,2.700088333,2.755143333,2.719294167,2.370969949,2.083648339,2.24451,2.461385,2.768411667,3.133029302
Paraguay,1904.760833,1963.019167,2056.811667,2177.8625,2726.49,3119.073333,3486.353333,4105.925,5716.258333,6424.339167,5974.5775,6177.958333,5635.4625,5032.716667,4363.241667,4965.391667,4735.461667,4191.41625,4424.9175,4320.674167,4462.191667,5204.91,5670.516667
Peru,2.195,2.253333333,2.453333333,2.664166667,2.93,3.383333333,3.49,3.506833333,3.5165,3.478467,3.413175,3.295841667,3.274032503,3.128044577,2.924408333,3.011508333,2.825125,2.7541,2.637586418,2.701899026,2.839044138,3.184439242,3.375061587
Philippines,26.41716667,25.71446667,26.2161,29.47065833,40.89305,39.08898333,44.19225,50.99265,51.60356667,54.20333333,56.03991667,55.08549167,51.3142725,46.14839118,44.32328761,47.67968845,45.10966418,43.31313692,42.22879473,42.44618483,44.3951543,45.50283994,47.49246386
Poland,2.272276667,2.424983333,2.6961,3.279291667,3.4754,3.967108333,4.346075,4.0939,4.080033333,3.889075,3.657641667,3.235483333,3.103158333,2.76795,2.409241667,3.120141667,3.0153,2.962847778,3.256541667,3.160616667,3.154541667,3.7695,3.942783333
Qatar,3.64,3.64,3.64,3.64,3.64,3.64,3.64,3.64,3.64,3.64,3.64,3.64,3.64,3.64,3.64,3.64,3.64,3.64,3.64,3.64,3.64,3.64,3.64
Romania,0.165508583,0.203327583,0.30842175,0.716794333,0.887557583,1.53328375,2.170872083,2.906079167,3.305543,3.320007083,3.263656833,2.913653167,2.808983333,2.43825,2.518858333,3.049325,3.1779,3.048608333,3.4682,3.327916667,3.349175,4.005666667,4.059183333
Russian Federation,2.19075,4.55915,5.120833333,5.784833333,9.705083333,24.6199,28.12916667,29.168525,31.34848333,30.692025,28.81374167,28.28444167,27.19095833,25.58084537,24.852875,31.74035833,30.36791534,29.38234137,30.83983135,31.83714364,38.37820714,60.93765011,67.05593333
Rwanda,140.7038475,262.1822633,306.82,301.5298167,312.3140917,333.941925,389.6962167,442.9918917,475.3652417,537.6549848,577.4489746,557.8226408,551.7103333,546.955,546.8486531,568.2813268,583.1309066,600.3065197,614.2951424,646.6359746,681.8617189,720.9751089,..
Samoa,2.535037167,2.473404167,2.462172917,2.559371667,2.947686833,3.013152,3.286361525,3.478040072,3.376258103,2.973237658,2.780723431,2.710336734,2.779294045,2.616572472,2.64417628,2.73077851,2.484656585,2.317472012,2.29231195,2.310900035,2.331768846,2.560873688,2.564947969
San Marino,1612.444983,1628.933158,1542.946967,1703.096908,1736.207383,0.938627276,1.085400833,1.11751,1.062551667,0.886034167,0.805365,0.80412,0.797140833,0.7306375,0.682674711,0.71984336,0.755044952,0.719355254,0.778293601,0.753159182,0.753730737,0.901658962,0.904035128
Sao Tome and Principe,732.6281667,1420.341833,2203.163583,4552.505917,6883.242833,7118.958333,7978.171667,8842.109167,9088.325,9347.583333,9902.324167,10557.97033,12448.6425,13536.755,14695.20167,16208.45125,18498.60132,17622.93501,19068.41681,18449.95262,18466.40305,22090.64456,22148.86063
Saudi Arabia,3.75,3.75,3.75,3.75,3.75,3.75,3.75,3.75,3.75,3.75,3.75,3.747083333,3.745,3.7475,3.75,3.75,3.75,3.75,3.75,3.75,3.75,3.75,3.75
Senegal,555.2046957,499.1484259,511.5524303,583.6693724,589.9517746,615.699132,711.9762744,733.0385071,696.9882036,581.2003139,528.2848093,527.4681428,522.8901096,479.2667826,447.8052556,472.1862908,495.2770216,471.8661141,510.5271359,494.0400374,494.4149529,591.4495075,593.0081704
Serbia,..,..,..,5.9123,10.0308,11.6615,63.1659,66.91366,64.39825127,57.585425,58.3814,66.71380833,67.14581667,58.453525,55.72348333,67.5806,77.72893333,73.3334,87.9733,85.15885,88.40530833,108.811425,111.27785
Seychelles,5.055858333,4.761975,4.969983333,5.026341667,5.262191667,5.342583333,5.713816667,5.857541667,5.480033333,5.400716667,5.5,5.5,5.519691667,6.701059538,9.457243283,13.60994045,12.06775664,12.38103191,13.70403121,12.05831667,12.74703333,13.313925,13.31911667
Sierra Leone,586.7397083,755.2158333,920.7325,981.4825,1563.618,1804.195,2092.125,1986.154167,2099.033866,2347.941667,2701.296667,2889.5875,2961.909167,2985.185833,2981.514658,3385.65,3978.087527,4349.162135,4344.037642,4332.499099,4524.157882,5080.747136,..
Singapore,1.527444167,1.417375,1.410040833,1.484805833,1.673601667,1.694956667,1.723963333,1.7917225,1.790588333,1.742183333,1.690228333,1.6643975,1.588933333,1.507101667,1.414860833,1.454514713,1.363508333,1.257775877,1.249676204,1.2513,1.26705,1.374825,1.381546364
Slovak Republic,32.04483333,29.71341667,30.65375,33.61616667,35.23341667,41.36283333,46.03516667,48.35483333,45.32675,36.77291667,32.25691667,31.01825,29.69725,24.69433333,21.36141667,..,..,..,..,..,..,..,..
Slovenia,128.8085583,118.5184667,135.3643083,159.6883333,166.1341667,181.7691933,222.6560858,242.748835,240.248215,207.1137157,192.3811243,192.705468,191.0282578,..,..,..,..,..,..,..,..,..,..
Solomon Islands,3.291358333,3.4059,3.566358333,3.716941667,4.815649167,4.838141667,5.088930833,5.277984953,6.748772103,7.505943749,7.484743906,7.529873025,7.609458333,7.652,7.747916667,8.055041667,8.064501344,7.64125903,7.355202847,7.3021351,7.375345354,7.914688977,..
South Africa,3.550798333,3.627085,4.299349167,4.607961667,5.528284167,6.109484167,6.939828333,8.609180833,10.54074667,7.564749167,6.4596925,6.359328333,6.771549167,7.045365,8.261223333,8.473674158,7.321221961,7.261132132,8.209968627,9.655056069,10.85265557,12.75893088,14.70961089
Sri Lanka,49.41514167,51.25158917,55.27144417,58.994605,64.45011833,70.63545,77.00511667,89.38301333,95.662065,96.52095083,101.1944575,100.4980517,103.9144458,110.6232333,108.3337627,114.9447833,113.0644804,110.5652079,127.6033535,129.0690309,130.5646852,135.8569128,145.5816675
St. Kitts and Nevis,2.7,2.7,2.7,2.7,2.7,2.7,2.7,2.7,2.7,2.7,2.7,2.7,2.7,2.7,2.7,2.7,2.7,2.7,2.7,2.7,2.7,2.7,2.7
St. Lucia,2.7,2.7,2.7,2.7,2.7,2.7,2.7,2.7,2.7,2.7,2.7,2.7,2.7,2.7,2.7,2.7,2.7,2.7,2.7,2.7,2.7,2.7,2.7
St. Vincent and the Grenadines,2.7,2.7,2.7,2.7,2.7,2.7,2.7,2.7,2.7,2.7,2.7,2.7,2.7,2.7,2.7,2.7,2.7,2.7,2.7,2.7,2.7,2.7,2.7
Sudan,0.289608917,0.58087375,1.250791667,1.5757425,2.008019167,2.525504167,2.571225,2.587021042,2.633058333,2.609834333,2.57905,2.436058333,2.171533333,2.0161,2.090162829,2.301533333,2.30600092,2.666619622,3.572958333,4.756760547,5.736866667,6.025732598,..
Suriname,0.222460758,0.442771989,0.401018354,0.401566152,0.401606426,0.834084264,1.322490515,2.178182254,2.34675,2.601333333,2.733583333,2.731666667,2.74375,2.745,2.745,2.745,2.745416667,3.268,3.3,3.3,3.3,3.416666667,6.228630278
Swaziland,3.550798333,3.627085,4.299349167,4.607961667,5.528284167,6.109484167,6.939828333,8.609180833,10.54074667,7.564749167,6.4596925,6.359328333,6.771549167,7.045365,8.261223333,8.473674158,7.321221961,7.261132132,8.209968627,9.655056069,10.85265557,12.75893088,14.70961089
Sweden,7.71597,7.133268333,6.705955833,7.634894167,7.949868167,8.262428333,9.162244167,10.32913583,9.737123333,8.086304167,7.348886667,7.473088333,7.378249167,6.75877,6.591099167,7.653819167,7.207524167,6.493543333,6.775015833,6.513971667,6.860785,8.434840833,8.561991667
Switzerland,1.3676925,1.182469167,1.23601,1.4513125,1.449813308,1.502155,1.6888425,1.687615,1.5586075,1.346650833,1.243495833,1.245176667,1.253843333,1.200365833,1.08309,1.088141696,1.042905646,0.888042028,0.937684481,0.926903548,0.916151047,0.962381328,0.985238204
Syrian Arab Republic,11.225,11.225,11.225,11.225,11.225,11.225,11.225,11.225,11.225,11.225,11.225,11.225,11.225,11.225,11.225,11.225,11.225,11.225,11.225,11.225,11.225,11.225,11.225
Tajikistan,0.024494348,0.122858703,0.2955,0.562333333,0.776625,1.237791667,2.07625,2.372191667,2.764133333,3.061366667,2.970508333,3.116566667,3.298408333,3.442483333,3.430725,4.142708333,4.378966667,4.610183333,4.737708333,4.764233333,4.937566667,6.163116667,7.835675
Tanzania,509.630875,574.7617417,579.9766667,612.1225,664.6712083,744.759075,800.4085167,876.4116667,966.5827843,1038.419007,1089.334771,1128.934179,1251.899973,1245.035464,1196.310709,1320.312061,1395.624943,1557.433373,1571.697999,1597.555751,1653.232013,1991.390964,2177.085954
Thailand,25.14995189,24.9151757,25.34268286,31.36433445,41.3593875,37.81365583,40.11180333,44.4319,42.96008333,41.48461667,40.22241492,40.22013021,37.88198322,34.51818059,33.31330064,34.28577412,31.685705,30.49173333,31.08309167,30.72596667,32.47983333,34.24771667,35.29638333
Togo,555.2046957,499.1484259,511.5524303,583.6693724,589.9517746,615.699132,711.9762744,733.0385071,696.9882036,581.2003139,528.2848093,527.4681428,522.8901096,479.2667826,447.8052556,472.1862908,495.2770216,471.8661141,510.5271359,494.0400374,494.4149529,591.4495075,593.0081704
Tonga,1.320219604,1.270942628,1.231974399,1.263518428,1.49205537,1.599132372,1.758502604,2.123574169,2.195187335,2.145892252,1.971562793,1.943036217,2.025880795,1.970933657,1.942444257,2.034493613,1.905987842,1.72895071,1.719507016,1.773713119,1.846773685,2.105763257,2.215661104
Trinidad and Tobago,5.924929167,5.947795833,6.005065833,6.251678333,6.2983075,6.2989,6.299796667,6.233216667,6.248683333,6.2951,6.298991667,6.299558333,6.312283333,6.328033333,6.289433333,6.324908333,6.375508333,6.409300706,6.429602656,6.442629398,6.409094578,6.377441667,6.668966667
Tunisia,1.011554167,0.94575,0.973408333,1.105908333,1.138725,1.186225,1.370683333,1.4387125,1.421733333,1.288458333,1.245466667,1.297433333,1.331025,1.281358333,1.232141667,1.350275,1.4314,1.407783333,1.561891667,1.624658333,1.697675,1.961625,2.148033333
Turkey,0.029608676,0.045845061,0.081404892,0.151865,0.26072425,0.418782917,0.6252185,1.225588083,1.507226417,1.500885209,1.42553725,1.343583108,1.428453413,1.302930905,1.301521703,1.549959776,1.50284863,1.674954552,1.796000944,1.903768242,2.188542418,2.720008528,3.020134748
Turkmenistan,19.19833333,110.9166667,3257.666667,4143.416667,4890.166667,5200,5200,5200,..,..,..,..,..,..,..,..,..,..,..,..,..,..,..
Uganda,979.4454167,968.9166667,1046.08475,1083.008667,1240.305833,1454.827167,1644.475333,1755.65875,1797.5505,1963.720083,1810.304714,1780.665777,1831.453405,1723.491772,1720.443883,2030.488074,2177.557507,2522.746321,2504.563078,2586.889569,2599.788521,3240.64542,3420.098007
Ukraine,0.327514167,1.473075,1.829468558,1.861658333,2.449541667,4.130441667,5.440233333,5.372158333,5.326625,5.332688333,5.319180667,5.124729,5.05,5.05,5.267221417,7.791240333,7.935639417,7.967562833,7.991029333,7.993,11.88665942,21.84469777,25.55133412
United Arab Emirates,3.671,3.671,3.671,3.671125,3.6725,3.6725,3.6725,3.6725,3.6725,3.6725,3.6725,3.6725,3.6725,3.6725,3.6725,3.6725,3.6725,3.6725,3.6725,3.6725,3.6725,3.6725,3.6725
United Kingdom,0.653426604,0.63366812,0.640958255,0.610836114,0.603823594,0.618056845,0.660930833,0.694655,0.667223333,0.6124725,0.54618,0.549998333,0.543486667,0.499771667,0.54396625,0.641919263,0.647179346,0.624140836,0.633046989,0.639660578,0.607729627,0.654545479,0.740634464
Uruguay,5.043916667,6.349,7.971833333,9.441833333,10.47191667,11.3393,12.09959167,13.31911667,21.25696667,28.20868333,28.70373333,24.4786,24.07335833,23.471025,20.94931667,22.56798333,20.059275,19.31420833,20.310575,20.48160833,23.246025,27.32736667,30.1626
Uzbekistan,..,29.775,40.06666667,62.91666667,94.49166667,124.625,236.6083333,..,..,..,..,..,..,..,..,..,..,..,..,..,..,..,..
Vanuatu,116.405,112.1116667,111.7191667,115.8733333,127.5175,129.075,137.6433333,145.3125,139.1983333,122.1891667,111.79,109.2458333,110.6408333,102.4375,101.3341667,106.7408333,96.90583333,89.46916667,92.6375,94.5425,97.07166667,108.9891667,108.475
"Venezuela, RB",0.146858333,0.176841667,0.41735,0.488633333,0.547566667,0.605725,0.679966667,0.723658333,1.16095,1.606958333,1.891333333,2.08975,2.147,2.147,2.147,2.147,2.582060317,4.2893,4.2893,6.047961842,6.2842,6.2842,9.257344444
Vietnam,10965.66667,11038.25,11032.58333,11683.33333,13268,13943.16667,14167.75,14725.16667,15279.5,15509.58333,15746,15858.91667,15994.25,16105.125,16302.25,17065.08333,18612.91667,20509.75,20828,20933.41667,21148,21697.5675,21935.00083
"Yemen, Rep.",12.0100612,40.83916682,94.156667,129.2808333,135.8816667,155.7183333,161.7183333,168.6716667,175.625,183.4483333,184.7758333,191.5091667,197.0491667,198.9533333,199.7641667,202.8466667,219.59,213.8,214.3508333,214.89,214.89,214.89,214.89
Zambia,0.669370622,0.864119167,1.2079,1.3144975,1.862069167,2.388019167,3.110844167,3.610935,4.398595,4.733271046,4.778875386,4.463503311,3.603072043,4.002522665,3.74566069,5.046109245,4.797136875,4.860665532,5.147252665,5.395887068,6.152816248,8.632355962,10.31305323
Zimbabwe,0.008160799,0.008675219,0.010013713,0.012125047,0.023706013,0.03834471,0.044468376,0.05511466,0.055098291,0.698216071,5.074419415,22.3890396,164.5473565,9686.77167,6723052073,..,..,..,..,..,..,..,..
